<edmx:Edmx xmlns:edmx="http://schemas.microsoft.com/ado/2007/06/edmx"
	xmlns:m="http://schemas.microsoft.com/ado/2007/08/dataservices/metadata" xmlns:sap="http://www.sap.com/Protocols/SAPData" Version="1.0">
	<edmx:DataServices m:DataServiceVersion="2.0">
		<Schema xmlns="http://schemas.microsoft.com/ado/2008/09/edm" Namespace="ZEMPLOYEES_SRV_01" xml:lang="de" sap:schema-version="1">
			<EntityType Name="ZBAPIELPERIODS" sap:content-version="1">
				<Key><PropertyRef Name="Period"/></Key><Property Name="Period" Type="Edm.String" Nullable="false" MaxLength="10" sap:unicode="false" sap:label="Characterfeld der Länge 10"
					sap:creatable="false" sap:updatable="false" sap:sortable="false" sap:filterable="false"/><Property Name="Ptext" Type="Edm.String" Nullable="false" MaxLength="60" sap:unicode="false" sap:label="CHAR60" sap:creatable="false"
					sap:updatable="false" sap:sortable="false" sap:filterable="false"/><Property Name="Period2" Type="Edm.DateTime" Nullable="false" Precision="7" sap:unicode="false" sap:label="Ende Zeitraum"
					sap:creatable="false" sap:updatable="false" sap:sortable="false" sap:filterable="false"/></EntityType>
			<EntityContainer Name="ZEMPLOYEES_SRV_01_Entities" m:IsDefaultEntityContainer="true" sap:supported-formats="atom json xlsx"><EntitySet Name="ZBAPIELPERIODSSet" EntityType="ZEMPLOYEES_SRV_01.ZBAPIELPERIODS" sap:creatable="false" sap:updatable="false"
				sap:deletable="false" sap:pageable="false" sap:content-version="1"/></EntityContainer><atom:link xmlns:atom="http://www.w3.org/2005/Atom" rel="self" href="./sap/ZEMPLOYEES_SRV_01/$metadata"/><atom:link xmlns:atom="http://www.w3.org/2005/Atom" rel="latest-version" href="./sap/ZEMPLOYEES_SRV_01/$metadata"/></Schema>
	</edmx:DataServices>
</edmx:Edmx>