<edmx:Edmx xmlns:edmx="http://schemas.microsoft.com/ado/2007/06/edmx"
	xmlns:m="http://schemas.microsoft.com/ado/2007/08/dataservices/metadata" xmlns:sap="http://www.sap.com/Protocols/SAPData" Version="1.0">
	<edmx:DataServices m:DataServiceVersion="2.0">
		<Schema xmlns="http://schemas.microsoft.com/ado/2008/09/edm" Namespace="HCMFAB_COMMON_SRV" xml:lang="de" sap:schema-version="1">
			<EntityType Name="TeamCalendarUISettings" sap:content-version="1">
				<Key><PropertyRef Name="ApplicationId"/><PropertyRef Name="InstanceId"/><PropertyRef Name="EmployeeAssignment"/></Key><Property Name="ApplicationId" Type="Edm.String" Nullable="false" MaxLength="20" sap:label="Anwendungs-ID" sap:creatable="false"
					sap:updatable="false" sap:sortable="false"/><Property Name="DefaultViewPersMode" Type="Edm.String" Nullable="false" MaxLength="10" sap:label="Default-View PersModus"
					sap:creatable="false" sap:updatable="false" sap:sortable="false" sap:filterable="false"/><Property Name="PersonalizationMode" Type="Edm.String" MaxLength="10" sap:label="PersonalisierModus" sap:creatable="false"
					sap:updatable="false" sap:sortable="false" sap:filterable="false"/><Property Name="DefaultFilterMode" Type="Edm.String" MaxLength="10" sap:label="Filtermodus" sap:creatable="false" sap:updatable="false"
					sap:sortable="false" sap:filterable="false"/><Property Name="ShowCeButton" Type="Edm.Boolean" sap:label="Drucktaste für Mehrfachbeschäftigung anzeigen" sap:creatable="false"
					sap:updatable="false" sap:sortable="false" sap:filterable="false"/><Property Name="InstanceId" Type="Edm.String" Nullable="false" MaxLength="20" sap:label="Instanz-ID" sap:creatable="false"
					sap:updatable="false" sap:sortable="false"/><Property Name="ShowLegend" Type="Edm.Boolean" sap:label="Legende anzeigen" sap:creatable="false" sap:updatable="false" sap:sortable="false"
					sap:filterable="false"/><Property Name="EmployeeAssignment" Type="Edm.String" Nullable="false" MaxLength="8" sap:label="Mitarbeiterzuordnung" sap:creatable="false"
					sap:updatable="false" sap:sortable="false"/><Property Name="ShowEmployeePhoto" Type="Edm.Boolean" sap:label="Mitarbeiterfoto anzeigen" sap:creatable="false" sap:updatable="false"
					sap:sortable="false" sap:filterable="false"/><Property Name="ShowFilter" Type="Edm.Boolean" sap:label="Filter anzeigen" sap:creatable="false" sap:updatable="false" sap:sortable="false"
					sap:filterable="false"/><Property Name="ShowSearch" Type="Edm.Boolean" sap:label="Suche anzeigen" sap:creatable="false" sap:updatable="false" sap:sortable="false"
					sap:filterable="false"/></EntityType>
			<EntityType Name="EmployeeDetail" sap:content-version="1">
				<Key><PropertyRef Name="ApplicationId"/><PropertyRef Name="EmployeeNumber"/></Key><Property Name="OfficeAddress" Type="HCMFAB_COMMON_SRV.OfficeAddress" Nullable="false"/><Property Name="EmployeeName" Type="HCMFAB_COMMON_SRV.EmployeeName" Nullable="false"/><Property Name="ApplicationId" Type="Edm.String" Nullable="false" MaxLength="20" sap:label="Anwendungs-ID" sap:creatable="false"
					sap:updatable="false" sap:sortable="false"/><Property Name="EmployeeNumber" Type="Edm.String" Nullable="false" MaxLength="8" sap:label="Personalnummer" sap:creatable="false"
					sap:updatable="false" sap:sortable="false"/><Property Name="UserId" Type="Edm.String" MaxLength="12" sap:label="Benutzer" sap:creatable="false" sap:updatable="false"
					sap:sortable="false" sap:filterable="false"/><Property Name="CostCenterId" Type="Edm.String" MaxLength="10" sap:label="Kostenstelle" sap:creatable="false" sap:updatable="false"
					sap:sortable="false" sap:filterable="false"/><Property Name="CostCenterText" Type="Edm.String" MaxLength="20" sap:label="Kostenstelle" sap:creatable="false" sap:updatable="false"
					sap:sortable="false" sap:filterable="false"/><Property Name="CompanyCodeId" Type="Edm.String" MaxLength="4" sap:label="Buchungskreis" sap:creatable="false" sap:updatable="false"
					sap:sortable="false" sap:filterable="false"/><Property Name="CompanyCodeText" Type="Edm.String" MaxLength="25" sap:label="Name der Firma" sap:creatable="false" sap:updatable="false"
					sap:sortable="false" sap:filterable="false"/><Property Name="PersonnelAreaId" Type="Edm.String" MaxLength="4" sap:label="PersBereich" sap:creatable="false" sap:updatable="false"
					sap:sortable="false" sap:filterable="false"/><Property Name="PersonnelAreaText" Type="Edm.String" MaxLength="30" sap:label="Personalbereich" sap:creatable="false" sap:updatable="false"
					sap:sortable="false" sap:filterable="false"/><Property Name="PersonnelSubareaId" Type="Edm.String" MaxLength="4" sap:label="Personalteilbereich" sap:creatable="false"
					sap:updatable="false" sap:sortable="false" sap:filterable="false"/><Property Name="PersonnelSubareaText" Type="Edm.String" MaxLength="15" sap:label="Personalteilbereich" sap:creatable="false"
					sap:updatable="false" sap:sortable="false" sap:filterable="false"/><Property Name="BusinessAreaId" Type="Edm.String" MaxLength="4" sap:label="GeschBereich" sap:creatable="false" sap:updatable="false"
					sap:sortable="false" sap:filterable="false"/><Property Name="BusinessAreaText" Type="Edm.String" MaxLength="30" sap:label="Geschäftsbereich" sap:creatable="false" sap:updatable="false"
					sap:sortable="false" sap:filterable="false"/><Property Name="DirectReportsCount" Type="Edm.Int32" sap:label="Anzahl direkt unterstellter Mitarbeiter" sap:creatable="false"
					sap:updatable="false" sap:sortable="false" sap:filterable="false"/><Property Name="WorkPhone" Type="Edm.String" MaxLength="30" sap:label="Telefon" sap:creatable="false" sap:updatable="false"
					sap:sortable="false" sap:filterable="false"/><Property Name="WorkFax" Type="Edm.String" MaxLength="30" sap:label="Fax" sap:creatable="false" sap:updatable="false" sap:sortable="false"
					sap:filterable="false"/><Property Name="WorkMobile" Type="Edm.String" MaxLength="30" sap:label="Mobil" sap:creatable="false" sap:updatable="false"
					sap:sortable="false" sap:filterable="false"/><Property Name="WorkEmail" Type="Edm.String" MaxLength="241" sap:label="E-Mail" sap:creatable="false" sap:updatable="false"
					sap:sortable="false" sap:filterable="false"/><Property Name="EmployeeOrgunitId" Type="Edm.String" MaxLength="8" sap:label="Organisationseinheit" sap:creatable="false"
					sap:updatable="false" sap:sortable="false" sap:filterable="false"/><Property Name="EmployeeOrgunitText" Type="Edm.String" MaxLength="25" sap:label="Organisationseinheit" sap:creatable="false"
					sap:updatable="false" sap:sortable="false" sap:filterable="false"/><Property Name="EmployeeOrgunitLongtext" Type="Edm.String" MaxLength="40" sap:label="Organisationseinheit" sap:creatable="false"
					sap:updatable="false" sap:sortable="false" sap:filterable="false"/><Property Name="EmployeePositionId" Type="Edm.String" MaxLength="8" sap:label="Planstelle" sap:creatable="false" sap:updatable="false"
					sap:sortable="false" sap:filterable="false"/><Property Name="EmployeePositionText" Type="Edm.String" MaxLength="25" sap:label="Text für Planstelle" sap:creatable="false"
					sap:updatable="false" sap:sortable="false" sap:filterable="false"/><Property Name="EmployeePositionLongtext" Type="Edm.String" MaxLength="40" sap:label="Langtext für Planstelle" sap:creatable="false"
					sap:updatable="false" sap:sortable="false" sap:filterable="false"/><Property Name="EmployeeJobtitleId" Type="Edm.String" MaxLength="8" sap:label="Stelle" sap:creatable="false" sap:updatable="false"
					sap:sortable="false" sap:filterable="false"/><Property Name="EmployeeJobtitleText" Type="Edm.String" MaxLength="25" sap:label="Stellenbez" sap:creatable="false" sap:updatable="false"
					sap:sortable="false" sap:filterable="false"/><Property Name="EmployeeJobtitleLongtext" Type="Edm.String" MaxLength="40" sap:label="Stellenbezeichnung - Lang" sap:creatable="false"
					sap:updatable="false" sap:sortable="false" sap:filterable="false"/><Property Name="ManagerNumber" Type="Edm.String" MaxLength="8" sap:label="Personalnummer des Managers" sap:creatable="false"
					sap:updatable="false" sap:sortable="false" sap:filterable="false"/><Property Name="ManagerName" Type="Edm.String" MaxLength="40" sap:label="Name des Managers" sap:creatable="false" sap:updatable="false"
					sap:sortable="false" sap:filterable="false"/><Property Name="LocalTimezoneOffset" Type="Edm.Time" Precision="0" sap:label="Abweichung der lokalen Zeitzone von UTC" sap:creatable="false"
					sap:updatable="false" sap:sortable="false" sap:filterable="false"/><Property Name="LocalTimezoneOffsetSign" Type="Edm.String" MaxLength="1" sap:label="Vorzeichen der Abweichung von UTC" sap:creatable="false"
					sap:updatable="false" sap:sortable="false" sap:filterable="false"/><Property Name="LocalTimezoneOffsetIsDst" Type="Edm.String" MaxLength="1" sap:label="Abweichung der lokalen Zeitzone von UTC in Sommerzeit"
					sap:creatable="false" sap:updatable="false" sap:sortable="false" sap:filterable="false"/><Property Name="LocalTimezone" Type="Edm.String" MaxLength="6" sap:label="Zeitzone" sap:creatable="false" sap:updatable="false"
					sap:sortable="false" sap:filterable="false"/><Property Name="LocalTimezoneText" Type="Edm.String" MaxLength="30" sap:label="Name der Zeitzone" sap:creatable="false"
					sap:updatable="false" sap:sortable="false" sap:filterable="false"/><NavigationProperty Name="ToManager" Relationship="HCMFAB_COMMON_SRV.EmployeeDetailToManager" FromRole="FromRole_EmployeeDetailToManager"
					ToRole="ToRole_EmployeeDetailToManager"/><NavigationProperty Name="ToEmployeePicture" Relationship="HCMFAB_COMMON_SRV.EmployeeDetailToEmployeePicture"
					FromRole="FromRole_EmployeeDetailToEmployeePicture" ToRole="ToRole_EmployeeDetailToEmployeePicture"/></EntityType>
			<EntityType Name="OnBehalfEmployee" sap:content-version="1">
				<Key><PropertyRef Name="ApplicationId"/><PropertyRef Name="EmployeeId"/></Key><Property Name="ApplicationId" Type="Edm.String" Nullable="false" MaxLength="20" sap:label="Anwendungs-ID" sap:creatable="false"
					sap:updatable="false" sap:sortable="false"/><Property Name="EmployeeId" Type="Edm.String" Nullable="false" MaxLength="8" sap:label="Personalnummer" sap:creatable="false"
					sap:updatable="false" sap:sortable="false" sap:filterable="false"/><Property Name="EmployeeName" Type="Edm.String" MaxLength="40" sap:label="Name" sap:creatable="false" sap:updatable="false"
					sap:sortable="false" sap:filterable="false"/><Property Name="EmployeeSortname" Type="Edm.String" MaxLength="30" sap:label="Sortiername" sap:creatable="false" sap:updatable="false"
					sap:sortable="false" sap:filterable="false"/><Property Name="EmployeeCategory" Type="Edm.String" MaxLength="20" sap:label="Angestelltentyp" sap:creatable="false" sap:updatable="false"
					sap:sortable="false" sap:filterable="false"/><Property Name="ShowEmployeePicture" Type="Edm.Boolean" sap:label="Mitarbeiterbild anzeigen" sap:creatable="false" sap:updatable="false"
					sap:sortable="false" sap:filterable="false"/><Property Name="ShowEmployeeNumber" Type="Edm.Boolean" sap:label="Mitarbeiternummer anzeigen" sap:creatable="false" sap:updatable="false"
					sap:sortable="false" sap:filterable="false"/><Property Name="DefaultVersionId" Type="Edm.String" MaxLength="2" sap:label="Infotypversion" sap:creatable="false" sap:updatable="false"
					sap:sortable="false" sap:filterable="false"/><Property Name="IsChangePictureEnabled" Type="Edm.Boolean" sap:label="Ist Mitarbeiterbildänderung aktiv" sap:creatable="false"
					sap:updatable="false" sap:sortable="false" sap:filterable="false"/><Property Name="Description" Type="Edm.String" MaxLength="60" sap:label="CHAR60" sap:creatable="false" sap:updatable="false"
					sap:sortable="false" sap:filterable="false"/><Property Name="Information" Type="Edm.String" MaxLength="60" sap:label="CHAR60" sap:creatable="false" sap:updatable="false"
					sap:sortable="false" sap:filterable="false"/><Property Name="RequesterNumber" Type="Edm.String" MaxLength="8" sap:label="Nummer des Beantragenden" sap:creatable="false"
					sap:updatable="false" sap:sortable="false"/><NavigationProperty Name="toEmployeePicture" Relationship="HCMFAB_COMMON_SRV.OnBehalfEmployeeToEmployeePicture"
					FromRole="FromRole_OnBehalfEmployeeToEmployeePicture" ToRole="ToRole_OnBehalfEmployeeToEmployeePicture"/></EntityType>
			<EntityType Name="ConcurrentEmployment" sap:content-version="1">
				<Key><PropertyRef Name="ApplicationId"/><PropertyRef Name="EmployeeId"/></Key><Property Name="ApplicationId" Type="Edm.String" Nullable="false" MaxLength="20" sap:label="Anwendungs-ID" sap:creatable="false"
					sap:updatable="false" sap:sortable="false"/><Property Name="EmployeeId" Type="Edm.String" Nullable="false" MaxLength="8" sap:label="Personalnummer" sap:creatable="false"
					sap:updatable="false" sap:sortable="false" sap:filterable="false"/><Property Name="EmploymentStatus" Type="Edm.String" MaxLength="1" sap:label="Beschäftigung" sap:creatable="false" sap:updatable="false"
					sap:sortable="false" sap:filterable="false"/><Property Name="EmploymentStatusText" Type="Edm.String" MaxLength="40" sap:label="Status" sap:creatable="false" sap:updatable="false"
					sap:sortable="false" sap:filterable="false"/><Property Name="AssignmentText" Type="Edm.String" MaxLength="80" sap:label="Mitarbeiterzuordnung" sap:creatable="false"
					sap:updatable="false" sap:sortable="false" sap:filterable="false"/><Property Name="IsDefaultAssignment" Type="Edm.Boolean" sap:label="Ist Standardzuordnung" sap:creatable="false" sap:updatable="false"
					sap:sortable="false"/><Property Name="DefaultVersionId" Type="Edm.String" MaxLength="2" sap:label="IT-Versions-ID" sap:creatable="false" sap:updatable="false"
					sap:sortable="false" sap:filterable="false"/><Property Name="IsCeButtonEnabled" Type="Edm.Boolean" sap:label="Ist Drucktaste für Mehrfachbesch. aktiv" sap:creatable="false"
					sap:updatable="false" sap:sortable="false" sap:filterable="false"/><Property Name="IsOnBehalfEnabled" Type="Edm.Boolean" sap:label="Ist im Auftrag von aktiv" sap:creatable="false" sap:updatable="false"
					sap:sortable="false" sap:filterable="false"/><Property Name="IsChangePictureEnabled" Type="Edm.Boolean" sap:label="Ist Mitarbeiterbildänderung aktiv" sap:creatable="false"
					sap:updatable="false" sap:sortable="false" sap:filterable="false"/><Property Name="ShowEmployeePicture" Type="Edm.Boolean" sap:label="Mitarbeiterbild anzeigen" sap:creatable="false" sap:updatable="false"
					sap:sortable="false" sap:filterable="false"/><Property Name="ShowEmployeeNumber" Type="Edm.Boolean" sap:label="Mitarbeiternummer anzeigen" sap:creatable="false" sap:updatable="false"
					sap:sortable="false" sap:filterable="false"/></EntityType>
			<EntityType Name="TeamCalendarView" sap:content-version="1">
				<Key><PropertyRef Name="ApplicationId"/><PropertyRef Name="InstanceId"/><PropertyRef Name="EmployeeAssignment"/><PropertyRef Name="ViewType"/><PropertyRef Name="ViewId"/></Key><Property Name="ApplicationId" Type="Edm.String" Nullable="false" MaxLength="20" sap:label="Anwendungs-ID" sap:updatable="false"
					sap:sortable="false"/><Property Name="PersonalizationMode" Type="Edm.String" MaxLength="10" sap:label="PersonalisierModus" sap:creatable="false"
					sap:updatable="false" sap:sortable="false" sap:filterable="false"/><Property Name="InstanceId" Type="Edm.String" Nullable="false" MaxLength="20" sap:label="Instanz-ID" sap:updatable="false"
					sap:sortable="false"/><Property Name="EmployeeAssignment" Type="Edm.String" Nullable="false" MaxLength="8" sap:label="Mitarbeiterzuordnung" sap:updatable="false"
					sap:sortable="false"/><Property Name="ViewType" Type="Edm.String" Nullable="false" MaxLength="1" sap:label="View-/Grup.-ID" sap:creatable="false"
					sap:updatable="false" sap:sortable="false"/><Property Name="ViewId" Type="Edm.String" Nullable="false" MaxLength="32" sap:label="View-ID" sap:creatable="false" sap:updatable="false"
					sap:sortable="false"/><Property Name="Description" Type="Edm.String" MaxLength="60" sap:label="Bezeichnung" sap:updatable="false" sap:sortable="false"
					sap:filterable="false"/><Property Name="IsDefaultView" Type="Edm.Boolean" sap:label="Ist Standard-View" sap:creatable="false" sap:updatable="false"
					sap:sortable="false"/><NavigationProperty Name="ToTeamCalendarEventType" Relationship="HCMFAB_COMMON_SRV.TeamCalendarViewToTeamCalendarEventType"
					FromRole="FromRole_TeamCalendarViewToTeamCalendarEventType" ToRole="ToRole_TeamCalendarViewToTeamCalendarEventType"/><NavigationProperty Name="ToTeamCalendarEmployee" Relationship="HCMFAB_COMMON_SRV.TeamCalendarViewToTeamCalendarEmployee"
					FromRole="FromRole_TeamCalendarViewToTeamCalendarEmployee" ToRole="ToRole_TeamCalendarViewToTeamCalendarEmployee"/></EntityType>
			<EntityType Name="TeamCalendarEvent" sap:content-version="1">
				<Key><PropertyRef Name="ApplicationId"/><PropertyRef Name="RequesterId"/><PropertyRef Name="InstanceId"/><PropertyRef Name="EmployeeId"/><PropertyRef Name="EmployeeAssignment"/><PropertyRef Name="StartDate"/><PropertyRef Name="ViewType"/><PropertyRef Name="EndDate"/><PropertyRef Name="ViewId"/></Key><Property Name="ApplicationId" Type="Edm.String" Nullable="false" MaxLength="20" sap:label="Anwendungs-ID" sap:creatable="false"
					sap:updatable="false" sap:sortable="false"/><Property Name="Tooltip" Type="Edm.String" Nullable="false" sap:label="Quick-Info" sap:creatable="false" sap:updatable="false"
					sap:sortable="false" sap:filterable="false"/><Property Name="RequesterId" Type="Edm.String" Nullable="false" MaxLength="8" sap:label="ID des Beantragenden" sap:creatable="false"
					sap:updatable="false" sap:sortable="false"/><Property Name="AbsenceStatus" Type="Edm.String" Nullable="false" MaxLength="12" sap:label="An- und Abwesenheitsstatus"
					sap:creatable="false" sap:updatable="false" sap:sortable="false" sap:filterable="false"/><Property Name="Title" Type="Edm.String" sap:label="Titel" sap:creatable="false" sap:updatable="false" sap:sortable="false"
					sap:filterable="false"/><Property Name="AbsenceStatusText" Type="Edm.String" Nullable="false" sap:label="An- und Abwesenheitsstatus" sap:creatable="false"
					sap:updatable="false" sap:sortable="false" sap:filterable="false"/><Property Name="Icon" Type="Edm.String" sap:label="Symbol-URI" sap:creatable="false" sap:updatable="false" sap:sortable="false"
					sap:filterable="false"/><Property Name="AbsenceType" Type="Edm.String" Nullable="false" MaxLength="4" sap:label="An- und Abwesenheitsart" sap:creatable="false"
					sap:updatable="false" sap:sortable="false" sap:filterable="false"/><Property Name="InstanceId" Type="Edm.String" Nullable="false" MaxLength="20" sap:label="Instanz-ID" sap:creatable="false"
					sap:updatable="false" sap:sortable="false"/><Property Name="AbsenceTypeText" Type="Edm.String" Nullable="false" sap:label="An- und Abwesenheitsart" sap:creatable="false"
					sap:updatable="false" sap:sortable="false" sap:filterable="false"/><Property Name="EmployeeId" Type="Edm.String" Nullable="false" MaxLength="8" sap:label="Personalnummer" sap:creatable="false"
					sap:updatable="false" sap:sortable="false"/><Property Name="AbsenceDays" Type="Edm.Decimal" Nullable="false" Precision="6" Scale="2" sap:label="An- und Abwesenheitstage"
					sap:creatable="false" sap:updatable="false" sap:sortable="false" sap:filterable="false"/><Property Name="EmployeeAssignment" Type="Edm.String" Nullable="false" MaxLength="8" sap:label="Mitarbeiterzuordnung" sap:creatable="false"
					sap:updatable="false" sap:sortable="false"/><Property Name="AbsenceHours" Type="Edm.Decimal" Nullable="false" Precision="7" Scale="2" sap:label="An- und Abwesenheitsstunden"
					sap:creatable="false" sap:updatable="false" sap:sortable="false" sap:filterable="false"/><Property Name="StartDate" Type="Edm.DateTime" Nullable="false" Precision="7" sap:label="Gültig ab" sap:creatable="false"
					sap:updatable="false" sap:sortable="false"/><Property Name="AbsenceOperation" Type="Edm.String" Nullable="false" MaxLength="5" sap:label="Operation" sap:creatable="false"
					sap:updatable="false" sap:sortable="false" sap:filterable="false"/><Property Name="ViewType" Type="Edm.String" Nullable="false" MaxLength="1" sap:label="View-/Grup.-ID" sap:creatable="false"
					sap:updatable="false" sap:sortable="false"/><Property Name="EndDate" Type="Edm.DateTime" Nullable="false" Precision="7" sap:label="Gültig bis" sap:creatable="false"
					sap:updatable="false" sap:sortable="false"/><Property Name="ViewId" Type="Edm.String" Nullable="false" MaxLength="32" sap:label="View-ID" sap:creatable="false" sap:updatable="false"
					sap:sortable="false"/><Property Name="EventType" Type="Edm.String" MaxLength="6" sap:label="Farbe" sap:creatable="false" sap:updatable="false"
					sap:sortable="false" sap:filterable="false"/><Property Name="StartTime" Type="Edm.Time" Precision="0" sap:label="Beg.Uhrzeit" sap:creatable="false" sap:updatable="false"
					sap:sortable="false" sap:filterable="false"/><Property Name="Description" Type="Edm.String" sap:label="Beschreibung" sap:creatable="false" sap:updatable="false" sap:sortable="false"
					sap:filterable="false"/><Property Name="EndTime" Type="Edm.Time" Precision="0" sap:label="Endeuhrzeit" sap:creatable="false" sap:updatable="false"
					sap:sortable="false" sap:filterable="false"/><Property Name="IsTentative" Type="Edm.Boolean" sap:label="Ist vorläufig" sap:creatable="false" sap:updatable="false" sap:sortable="false"
					sap:filterable="false"/></EntityType>
			<EntityType Name="TeamCalendarEventType" sap:content-version="1">
				<Key><PropertyRef Name="ApplicationId"/><PropertyRef Name="InstanceId"/><PropertyRef Name="EmployeeAssignment"/><PropertyRef Name="EventType"/><PropertyRef Name="ViewType"/><PropertyRef Name="ViewId"/></Key><Property Name="ApplicationId" Type="Edm.String" Nullable="false" MaxLength="20" sap:label="Anwendungs-ID" sap:creatable="false"
					sap:updatable="false" sap:sortable="false"/><Property Name="DetailFields" Type="Edm.String" sap:label="Detailfelder" sap:creatable="false" sap:updatable="false" sap:sortable="false"
					sap:filterable="false"/><Property Name="Color" Type="Edm.String" Nullable="false" sap:label="Farbe als RGB-Hex-String (z.B. #FF0000 für Rot)" sap:creatable="false"
					sap:updatable="false" sap:sortable="false" sap:filterable="false"/><Property Name="ShowAsNonWorkingDay" Type="Edm.String" MaxLength="1" sap:label="Als arbeitsfreien Tag anzeigen" sap:creatable="false"
					sap:updatable="false" sap:sortable="false"/><Property Name="Icon" Type="Edm.String" sap:label="Symbol-URI" sap:creatable="false" sap:updatable="false" sap:sortable="false"
					sap:filterable="false"/><Property Name="UseForNewRequestedLeave" Type="Edm.String" MaxLength="1" sap:label="Für neuen beantragten Urlaub verwenden"
					sap:creatable="false" sap:updatable="false" sap:sortable="false"/><Property Name="InstanceId" Type="Edm.String" Nullable="false" MaxLength="20" sap:label="Instanz-ID" sap:creatable="false"
					sap:updatable="false" sap:sortable="false"/><Property Name="IsRelevantForAbsence" Type="Edm.Boolean" sap:label="Ist für Abwesenheit relevant" sap:creatable="false"
					sap:updatable="false" sap:sortable="false"/><Property Name="EmployeeAssignment" Type="Edm.String" Nullable="false" MaxLength="8" sap:label="Mitarbeiterzuordnung" sap:creatable="false"
					sap:updatable="false" sap:sortable="false"/><Property Name="EventType" Type="Edm.String" Nullable="false" MaxLength="6" sap:label="Farbe" sap:creatable="false" sap:updatable="false"
					sap:sortable="false"/><Property Name="Description" Type="Edm.String" MaxLength="60" sap:label="Bezeichnung" sap:creatable="false" sap:updatable="false"
					sap:sortable="false" sap:filterable="false"/><Property Name="ViewType" Type="Edm.String" Nullable="false" MaxLength="1" sap:label="View-/Grup.-ID" sap:creatable="false"
					sap:updatable="false" sap:sortable="false"/><Property Name="ViewId" Type="Edm.String" Nullable="false" MaxLength="32" sap:label="View-ID" sap:creatable="false" sap:updatable="false"
					sap:sortable="false"/></EntityType>
			<EntityType Name="TeamCalendarEmployee" sap:content-version="1">
				<Key><PropertyRef Name="ApplicationId"/><PropertyRef Name="InstanceId"/><PropertyRef Name="EmployeeAssignment"/><PropertyRef Name="ViewType"/><PropertyRef Name="ViewId"/><PropertyRef Name="EmployeeId"/></Key><Property Name="ApplicationId" Type="Edm.String" Nullable="false" MaxLength="20" sap:label="Anwendungs-ID" sap:updatable="false"
					sap:sortable="false"/><Property Name="Tooltip" Type="Edm.String" Nullable="false" sap:label="Quick-Info" sap:creatable="false" sap:updatable="false"
					sap:sortable="false" sap:filterable="false"/><Property Name="DisplayState" Type="Edm.String" MaxLength="10" sap:label="Status anzeigen" sap:creatable="false" sap:updatable="false"
					sap:sortable="false"/><Property Name="RequesterId" Type="Edm.String" MaxLength="8" sap:label="ID des Beantragenden" sap:updatable="false" sap:sortable="false"/><Property Name="SortName" Type="Edm.String" MaxLength="30" sap:label="Sortiername" sap:creatable="false" sap:updatable="false"
					sap:sortable="false" sap:filterable="false"/><Property Name="InstanceId" Type="Edm.String" Nullable="false" MaxLength="20" sap:label="Instanz-ID" sap:updatable="false"
					sap:sortable="false"/><Property Name="EmployeeAssignment" Type="Edm.String" Nullable="false" MaxLength="8" sap:label="Mitarbeiterzuordnung" sap:updatable="false"
					sap:sortable="false"/><Property Name="ViewType" Type="Edm.String" Nullable="false" MaxLength="1" sap:label="View-/Grup.-ID" sap:updatable="false"
					sap:sortable="false"/><Property Name="ViewId" Type="Edm.String" Nullable="false" MaxLength="32" sap:label="View-ID" sap:updatable="false" sap:sortable="false"/><Property Name="EmployeeId" Type="Edm.String" Nullable="false" MaxLength="8" sap:label="Personalnummer" sap:updatable="false"
					sap:sortable="false" sap:filterable="false"/><Property Name="Name" Type="Edm.String" MaxLength="40" sap:label="Name des Mitarbeiters" sap:creatable="false" sap:updatable="false"
					sap:sortable="false" sap:filterable="false"/><Property Name="Description" Type="Edm.String" MaxLength="60" sap:label="Bezeichnung" sap:creatable="false" sap:updatable="false"
					sap:sortable="false" sap:filterable="false"/><Property Name="StartDate" Type="Edm.DateTime" Precision="7" sap:label="Gültig ab" sap:creatable="false" sap:updatable="false"
					sap:sortable="false"/><Property Name="EndDate" Type="Edm.DateTime" Precision="7" sap:label="Gültig bis" sap:creatable="false" sap:updatable="false"
					sap:sortable="false"/><NavigationProperty Name="ToTeamCalendarEvent" Relationship="HCMFAB_COMMON_SRV.TeamCalendarEmployeeToTeamCalendarEvent"
					FromRole="FromRole_TeamCalendarEmployeeToTeamCalendarEvent" ToRole="ToRole_TeamCalendarEmployeeToTeamCalendarEvent"/><NavigationProperty Name="ToEmployeePicture" Relationship="HCMFAB_COMMON_SRV.EmployeePictureToTeamCalendarEmployee"
					FromRole="ToRole_EmployeePictureToTeamCalendarEmployee" ToRole="FromRole_EmployeePictureToTeamCalendarEmployee"/></EntityType>
			<EntityType Name="SearchResult" sap:content-version="1">
				<Key><PropertyRef Name="ApplicationId"/><PropertyRef Name="EmployeeAssignment"/><PropertyRef Name="InstanceId"/><PropertyRef Name="EmployeeId"/><PropertyRef Name="ViewType"/><PropertyRef Name="ViewId"/></Key><Property Name="ApplicationId" Type="Edm.String" Nullable="false" MaxLength="20" sap:label="Anwendungs-ID" sap:creatable="false"
					sap:updatable="false" sap:sortable="false"/><Property Name="EmployeeAssignment" Type="Edm.String" Nullable="false" MaxLength="8" sap:label="Personalnr" sap:creatable="false"
					sap:updatable="false" sap:sortable="false" sap:filterable="false"/><Property Name="InstanceId" Type="Edm.String" Nullable="false" MaxLength="20" sap:label="Instanz-ID" sap:creatable="false"
					sap:updatable="false" sap:sortable="false" sap:filterable="false"/><Property Name="Description" Type="Edm.String" MaxLength="60" sap:label="Bezeichnung" sap:creatable="false" sap:updatable="false"
					sap:sortable="false" sap:filterable="false"/><Property Name="EmployeeId" Type="Edm.String" Nullable="false" MaxLength="8" sap:label="Personalnr" sap:creatable="false"
					sap:updatable="false" sap:sortable="false" sap:filterable="false"/><Property Name="ViewType" Type="Edm.String" Nullable="false" MaxLength="1" sap:label="View-/Grup.-ID" sap:creatable="false"
					sap:updatable="false" sap:sortable="false" sap:filterable="false"/><Property Name="Name" Type="Edm.String" MaxLength="40" sap:label="Name des Mitarbeiters" sap:creatable="false" sap:updatable="false"
					sap:sortable="false" sap:filterable="false"/><Property Name="ViewId" Type="Edm.String" Nullable="false" MaxLength="32" sap:label="View-ID" sap:creatable="false" sap:updatable="false"
					sap:sortable="false" sap:filterable="false"/><Property Name="SortName" Type="Edm.String" MaxLength="30" sap:label="Sortiername" sap:creatable="false" sap:updatable="false"
					sap:sortable="false" sap:filterable="false"/><NavigationProperty Name="ToEmployeePicture" Relationship="HCMFAB_COMMON_SRV.EmployeePictureToSearchResult"
					FromRole="ToRole_EmployeePictureToSearchResult" ToRole="FromRole_EmployeePictureToSearchResult"/></EntityType>
			<EntityType Name="EmployeePicture" m:HasStream="true" sap:content-version="1">
				<Key><PropertyRef Name="ApplicationId"/><PropertyRef Name="EmployeeId"/></Key><Property Name="ApplicationId" Type="Edm.String" Nullable="false" MaxLength="20" sap:label="Anwendungs-ID" sap:creatable="false"
					sap:updatable="false" sap:sortable="false"/><Property Name="EmployeeId" Type="Edm.String" Nullable="false" MaxLength="8" sap:label="Personalnummer" sap:updatable="false"
					sap:sortable="false"/><Property Name="ContentType" Type="Edm.String" Nullable="false" MaxLength="128" sap:label="MIME Typ" sap:creatable="false"
					sap:updatable="false" sap:sortable="false" sap:filterable="false"/></EntityType>
			<EntityType Name="EmployeePictureAllowedMimeType" sap:content-version="1">
				<Key><PropertyRef Name="MimeType"/></Key><Property Name="MimeType" Type="Edm.String" Nullable="false" MaxLength="128" sap:label="MIME-Typ" sap:creatable="false"
					sap:updatable="false" sap:sortable="false" sap:filterable="false"/></EntityType>
			<ComplexType Name="OfficeAddress"><Property Name="OfficeBuilding" Type="Edm.String" Nullable="false" MaxLength="6" sap:label="Gebäudenummer" sap:creatable="false"
				sap:updatable="false" sap:sortable="false" sap:filterable="false"/><Property Name="OfficeRoom" Type="Edm.String" Nullable="false" MaxLength="6" sap:label="Zimmernummer" sap:creatable="false"
				sap:updatable="false" sap:sortable="false" sap:filterable="false"/><Property Name="OfficeStreet" Type="Edm.String" Nullable="false" MaxLength="60" sap:label="Straße" sap:creatable="false"
				sap:updatable="false" sap:sortable="false" sap:filterable="false"/><Property Name="OfficeHouseNumber" Type="Edm.String" Nullable="false" MaxLength="10" sap:label="Hausnummer" sap:creatable="false"
				sap:updatable="false" sap:sortable="false" sap:filterable="false"/><Property Name="OfficeAddressSupplement" Type="Edm.String" Nullable="false" MaxLength="40" sap:label="" sap:creatable="false"
				sap:updatable="false" sap:sortable="false" sap:filterable="false"/><Property Name="OfficeRegion" Type="Edm.String" Nullable="false" MaxLength="20" sap:label="Region" sap:creatable="false"
				sap:updatable="false" sap:sortable="false" sap:filterable="false"/><Property Name="OfficePostalCode" Type="Edm.String" Nullable="false" MaxLength="10" sap:label="Postleitzahl" sap:creatable="false"
				sap:updatable="false" sap:sortable="false" sap:filterable="false"/><Property Name="OfficeCity" Type="Edm.String" Nullable="false" MaxLength="40" sap:label="Ort" sap:creatable="false" sap:updatable="false"
				sap:sortable="false" sap:filterable="false"/><Property Name="OfficeCountryKey" Type="Edm.String" Nullable="false" MaxLength="3" sap:label="Land" sap:creatable="false"
				sap:updatable="false" sap:sortable="false" sap:filterable="false"/><Property Name="OfficeCountryText" Type="Edm.String" Nullable="false" MaxLength="50" sap:label="Land" sap:creatable="false"
				sap:updatable="false" sap:sortable="false" sap:filterable="false"/><Property Name="OfficeAddressFormatted" Type="Edm.String" Nullable="false" sap:label="Geschäftsadresse" sap:creatable="false"
				sap:updatable="false" sap:sortable="false" sap:filterable="false"/></ComplexType>
			<ComplexType Name="EmployeeName"><Property Name="FormOfAddress" Type="Edm.String" MaxLength="5" sap:label="Anrede" sap:creatable="false" sap:updatable="false"
				sap:sortable="false" sap:filterable="false"/><Property Name="AcademicTitle" Type="Edm.String" MaxLength="15" sap:label="Titel" sap:creatable="false" sap:updatable="false"
				sap:sortable="false" sap:filterable="false"/><Property Name="FirstName" Type="Edm.String" MaxLength="40" sap:label="Vorname" sap:creatable="false" sap:updatable="false"
				sap:sortable="false" sap:filterable="false"/><Property Name="MiddleName" Type="Edm.String" MaxLength="40" sap:label="Mittelname" sap:creatable="false" sap:updatable="false"
				sap:sortable="false" sap:filterable="false"/><Property Name="LastName" Type="Edm.String" MaxLength="40" sap:label="Nachname" sap:creatable="false" sap:updatable="false"
				sap:sortable="false" sap:filterable="false"/><Property Name="FormattedName" Type="Edm.String" MaxLength="40" sap:label="Name des Mitarbeiters" sap:creatable="false"
				sap:updatable="false" sap:sortable="false" sap:filterable="false"/></ComplexType>
			<Association Name="EmployeeDetailToEmployeePicture" sap:content-version="1"><End Type="HCMFAB_COMMON_SRV.EmployeeDetail" Multiplicity="1" Role="FromRole_EmployeeDetailToEmployeePicture"/><End Type="HCMFAB_COMMON_SRV.EmployeePicture" Multiplicity="*" Role="ToRole_EmployeeDetailToEmployeePicture"/>
				<ReferentialConstraint>
					<Principal Role="FromRole_EmployeeDetailToEmployeePicture"><PropertyRef Name="EmployeeNumber"/><PropertyRef Name="ApplicationId"/></Principal>
					<Dependent Role="ToRole_EmployeeDetailToEmployeePicture"><PropertyRef Name="EmployeeId"/><PropertyRef Name="ApplicationId"/></Dependent>
				</ReferentialConstraint>
			</Association>
			<Association Name="EmployeeDetailToManager" sap:content-version="1"><End Type="HCMFAB_COMMON_SRV.EmployeeDetail" Multiplicity="1" Role="FromRole_EmployeeDetailToManager"/><End Type="HCMFAB_COMMON_SRV.EmployeeDetail" Multiplicity="1" Role="ToRole_EmployeeDetailToManager"/>
				<ReferentialConstraint>
					<Principal Role="FromRole_EmployeeDetailToManager"><PropertyRef Name="EmployeeNumber"/><PropertyRef Name="ApplicationId"/></Principal>
					<Dependent Role="ToRole_EmployeeDetailToManager"><PropertyRef Name="ManagerNumber"/><PropertyRef Name="ApplicationId"/></Dependent>
				</ReferentialConstraint>
			</Association>
			<Association Name="OnBehalfEmployeeToEmployeePicture" sap:content-version="1"><End Type="HCMFAB_COMMON_SRV.OnBehalfEmployee" Multiplicity="1" Role="FromRole_OnBehalfEmployeeToEmployeePicture"/><End Type="HCMFAB_COMMON_SRV.EmployeePicture" Multiplicity="0..1" Role="ToRole_OnBehalfEmployeeToEmployeePicture"/>
				<ReferentialConstraint>
					<Principal Role="FromRole_OnBehalfEmployeeToEmployeePicture"><PropertyRef Name="ApplicationId"/><PropertyRef Name="EmployeeId"/></Principal>
					<Dependent Role="ToRole_OnBehalfEmployeeToEmployeePicture"><PropertyRef Name="ApplicationId"/><PropertyRef Name="EmployeeId"/></Dependent>
				</ReferentialConstraint>
			</Association>
			<Association Name="TeamCalendarViewToTeamCalendarEventType" sap:content-version="1"><End Type="HCMFAB_COMMON_SRV.TeamCalendarView" Multiplicity="1" Role="FromRole_TeamCalendarViewToTeamCalendarEventType"/><End Type="HCMFAB_COMMON_SRV.TeamCalendarEventType" Multiplicity="*" Role="ToRole_TeamCalendarViewToTeamCalendarEventType"/>
				<ReferentialConstraint>
					<Principal Role="FromRole_TeamCalendarViewToTeamCalendarEventType"><PropertyRef Name="ApplicationId"/><PropertyRef Name="ViewType"/><PropertyRef Name="ViewId"/><PropertyRef Name="EmployeeAssignment"/><PropertyRef Name="InstanceId"/></Principal>
					<Dependent Role="ToRole_TeamCalendarViewToTeamCalendarEventType"><PropertyRef Name="ApplicationId"/><PropertyRef Name="ViewType"/><PropertyRef Name="ViewId"/><PropertyRef Name="EmployeeAssignment"/><PropertyRef Name="InstanceId"/></Dependent>
				</ReferentialConstraint>
			</Association>
			<Association Name="TeamCalendarViewToTeamCalendarEmployee" sap:content-version="1"><End Type="HCMFAB_COMMON_SRV.TeamCalendarView" Multiplicity="1" Role="FromRole_TeamCalendarViewToTeamCalendarEmployee"/><End Type="HCMFAB_COMMON_SRV.TeamCalendarEmployee" Multiplicity="*" Role="ToRole_TeamCalendarViewToTeamCalendarEmployee"/>
				<ReferentialConstraint>
					<Principal Role="FromRole_TeamCalendarViewToTeamCalendarEmployee"><PropertyRef Name="ViewId"/><PropertyRef Name="EmployeeAssignment"/><PropertyRef Name="ViewType"/><PropertyRef Name="ApplicationId"/><PropertyRef Name="InstanceId"/></Principal>
					<Dependent Role="ToRole_TeamCalendarViewToTeamCalendarEmployee"><PropertyRef Name="ViewId"/><PropertyRef Name="EmployeeAssignment"/><PropertyRef Name="ViewType"/><PropertyRef Name="ApplicationId"/><PropertyRef Name="InstanceId"/></Dependent>
				</ReferentialConstraint>
			</Association>
			<Association Name="TeamCalendarEmployeeToTeamCalendarEvent" sap:content-version="1"><End Type="HCMFAB_COMMON_SRV.TeamCalendarEmployee" Multiplicity="1" Role="FromRole_TeamCalendarEmployeeToTeamCalendarEvent"/><End Type="HCMFAB_COMMON_SRV.TeamCalendarEvent" Multiplicity="*" Role="ToRole_TeamCalendarEmployeeToTeamCalendarEvent"/>
				<ReferentialConstraint>
					<Principal Role="FromRole_TeamCalendarEmployeeToTeamCalendarEvent"><PropertyRef Name="EmployeeAssignment"/><PropertyRef Name="ApplicationId"/><PropertyRef Name="ViewId"/><PropertyRef Name="ViewType"/><PropertyRef Name="InstanceId"/><PropertyRef Name="EmployeeId"/></Principal>
					<Dependent Role="ToRole_TeamCalendarEmployeeToTeamCalendarEvent"><PropertyRef Name="EmployeeAssignment"/><PropertyRef Name="ApplicationId"/><PropertyRef Name="ViewId"/><PropertyRef Name="ViewType"/><PropertyRef Name="InstanceId"/><PropertyRef Name="EmployeeId"/></Dependent>
				</ReferentialConstraint>
			</Association>
			<Association Name="EmployeePictureToTeamCalendarEmployee" sap:content-version="1"><End Type="HCMFAB_COMMON_SRV.EmployeePicture" Multiplicity="1" Role="FromRole_EmployeePictureToTeamCalendarEmployee"/><End Type="HCMFAB_COMMON_SRV.TeamCalendarEmployee" Multiplicity="*" Role="ToRole_EmployeePictureToTeamCalendarEmployee"/>
				<ReferentialConstraint>
					<Principal Role="FromRole_EmployeePictureToTeamCalendarEmployee"><PropertyRef Name="ApplicationId"/><PropertyRef Name="EmployeeId"/></Principal>
					<Dependent Role="ToRole_EmployeePictureToTeamCalendarEmployee"><PropertyRef Name="ApplicationId"/><PropertyRef Name="EmployeeId"/></Dependent>
				</ReferentialConstraint>
			</Association>
			<Association Name="EmployeePictureToSearchResult" sap:content-version="1"><End Type="HCMFAB_COMMON_SRV.EmployeePicture" Multiplicity="1" Role="FromRole_EmployeePictureToSearchResult"/><End Type="HCMFAB_COMMON_SRV.SearchResult" Multiplicity="*" Role="ToRole_EmployeePictureToSearchResult"/>
				<ReferentialConstraint>
					<Principal Role="FromRole_EmployeePictureToSearchResult"><PropertyRef Name="ApplicationId"/><PropertyRef Name="EmployeeId"/></Principal>
					<Dependent Role="ToRole_EmployeePictureToSearchResult"><PropertyRef Name="ApplicationId"/><PropertyRef Name="EmployeeId"/></Dependent>
				</ReferentialConstraint>
			</Association>
			<EntityContainer Name="HCMFAB_COMMON_SRV_Entities" m:IsDefaultEntityContainer="true" sap:supported-formats="atom json xlsx"><EntitySet Name="EmployeeDetailSet" EntityType="HCMFAB_COMMON_SRV.EmployeeDetail" sap:creatable="false" sap:updatable="false"
				sap:deletable="false" sap:pageable="false" sap:content-version="1"/><EntitySet Name="OnBehalfEmployeeSet" EntityType="HCMFAB_COMMON_SRV.OnBehalfEmployee" sap:creatable="false" sap:updatable="false"
				sap:deletable="false" sap:pageable="false" sap:addressable="false" sap:content-version="1"/><EntitySet Name="ConcurrentEmploymentSet" EntityType="HCMFAB_COMMON_SRV.ConcurrentEmployment" sap:creatable="false" sap:updatable="false"
				sap:deletable="false" sap:pageable="false" sap:content-version="1"/><EntitySet Name="TeamCalendarViewSet" EntityType="HCMFAB_COMMON_SRV.TeamCalendarView" sap:updatable="false" sap:deletable="false"
				sap:pageable="false" sap:content-version="1"/><EntitySet Name="TeamCalendarEventSet" EntityType="HCMFAB_COMMON_SRV.TeamCalendarEvent" sap:creatable="false" sap:updatable="false"
				sap:deletable="false" sap:pageable="false" sap:content-version="1"/><EntitySet Name="TeamCalendarEventTypeSet" EntityType="HCMFAB_COMMON_SRV.TeamCalendarEventType" sap:creatable="false" sap:updatable="false"
				sap:deletable="false" sap:pageable="false" sap:content-version="1"/><EntitySet Name="TeamCalendarEmployeeSet" EntityType="HCMFAB_COMMON_SRV.TeamCalendarEmployee" sap:updatable="false" sap:deletable="false"
				sap:pageable="false" sap:content-version="1"/><EntitySet Name="SearchResultSet" EntityType="HCMFAB_COMMON_SRV.SearchResult" sap:creatable="false" sap:updatable="false"
				sap:deletable="false" sap:pageable="false" sap:addressable="false" sap:content-version="1"/><EntitySet Name="EmployeePictureSet" EntityType="HCMFAB_COMMON_SRV.EmployeePicture" sap:pageable="false" sap:content-version="1"/><EntitySet Name="EmployeePictureAllowedMimeTypeSet" EntityType="HCMFAB_COMMON_SRV.EmployeePictureAllowedMimeType" sap:creatable="false"
				sap:updatable="false" sap:deletable="false" sap:pageable="false" sap:addressable="false" sap:content-version="1"/><EntitySet Name="TeamCalendarUISettingsSet" EntityType="HCMFAB_COMMON_SRV.TeamCalendarUISettings" sap:creatable="false"
				sap:updatable="false" sap:deletable="false" sap:pageable="false" sap:addressable="false" sap:content-version="1"/>
				<AssociationSet Name="EmployeePictureToSearchResultSet" Association="HCMFAB_COMMON_SRV.EmployeePictureToSearchResult" sap:creatable="false"
					sap:updatable="false" sap:deletable="false" sap:content-version="1"><End EntitySet="EmployeePictureSet" Role="FromRole_EmployeePictureToSearchResult"/><End EntitySet="SearchResultSet" Role="ToRole_EmployeePictureToSearchResult"/></AssociationSet>
				<AssociationSet Name="OnBehalfEmployeeToEmployeePictureSet" Association="HCMFAB_COMMON_SRV.OnBehalfEmployeeToEmployeePicture"
					sap:creatable="false" sap:updatable="false" sap:deletable="false" sap:content-version="1"><End EntitySet="OnBehalfEmployeeSet" Role="FromRole_OnBehalfEmployeeToEmployeePicture"/><End EntitySet="EmployeePictureSet" Role="ToRole_OnBehalfEmployeeToEmployeePicture"/></AssociationSet>
				<AssociationSet Name="TeamCalendarViewToTeamCalendarEventTySet" Association="HCMFAB_COMMON_SRV.TeamCalendarViewToTeamCalendarEventType"
					sap:creatable="false" sap:updatable="false" sap:deletable="false" sap:content-version="1"><End EntitySet="TeamCalendarViewSet" Role="FromRole_TeamCalendarViewToTeamCalendarEventType"/><End EntitySet="TeamCalendarEventTypeSet" Role="ToRole_TeamCalendarViewToTeamCalendarEventType"/></AssociationSet>
				<AssociationSet Name="TeamCalendarEmployeeToTeamCalendarEveSet" Association="HCMFAB_COMMON_SRV.TeamCalendarEmployeeToTeamCalendarEvent"
					sap:creatable="false" sap:updatable="false" sap:deletable="false" sap:content-version="1"><End EntitySet="TeamCalendarEmployeeSet" Role="FromRole_TeamCalendarEmployeeToTeamCalendarEvent"/><End EntitySet="TeamCalendarEventSet" Role="ToRole_TeamCalendarEmployeeToTeamCalendarEvent"/></AssociationSet>
				<AssociationSet Name="EmployeeDetailToEmployeePictureSet" Association="HCMFAB_COMMON_SRV.EmployeeDetailToEmployeePicture"
					sap:creatable="false" sap:updatable="false" sap:deletable="false" sap:content-version="1"><End EntitySet="EmployeeDetailSet" Role="FromRole_EmployeeDetailToEmployeePicture"/><End EntitySet="EmployeePictureSet" Role="ToRole_EmployeeDetailToEmployeePicture"/></AssociationSet>
				<AssociationSet Name="TeamCalendarViewToTeamCalendarEmployeSet" Association="HCMFAB_COMMON_SRV.TeamCalendarViewToTeamCalendarEmployee"
					sap:creatable="false" sap:updatable="false" sap:deletable="false" sap:content-version="1"><End EntitySet="TeamCalendarViewSet" Role="FromRole_TeamCalendarViewToTeamCalendarEmployee"/><End EntitySet="TeamCalendarEmployeeSet" Role="ToRole_TeamCalendarViewToTeamCalendarEmployee"/></AssociationSet>
				<AssociationSet Name="EmployeeDetailToManagerSet" Association="HCMFAB_COMMON_SRV.EmployeeDetailToManager" sap:creatable="false"
					sap:updatable="false" sap:deletable="false" sap:content-version="1"><End EntitySet="EmployeeDetailSet" Role="FromRole_EmployeeDetailToManager"/><End EntitySet="EmployeeDetailSet" Role="ToRole_EmployeeDetailToManager"/></AssociationSet>
				<AssociationSet Name="EmployeePictureToTeamCalendarEmployeeSet" Association="HCMFAB_COMMON_SRV.EmployeePictureToTeamCalendarEmployee"
					sap:creatable="false" sap:updatable="false" sap:deletable="false" sap:content-version="1"><End EntitySet="EmployeePictureSet" Role="FromRole_EmployeePictureToTeamCalendarEmployee"/><End EntitySet="TeamCalendarEmployeeSet" Role="ToRole_EmployeePictureToTeamCalendarEmployee"/></AssociationSet>
				<FunctionImport Name="GetUISettingsForDefaultAssignment" ReturnType="HCMFAB_COMMON_SRV.TeamCalendarUISettings"
					EntitySet="TeamCalendarUISettingsSet" m:HttpMethod="GET"><Parameter Name="InstanceId" Type="Edm.String" Mode="In" MaxLength="20"/><Parameter Name="ApplicationId" Type="Edm.String" Mode="In" MaxLength="20"/></FunctionImport>
				<FunctionImport Name="GetEmployeesForDefaultView" ReturnType="Collection(HCMFAB_COMMON_SRV.TeamCalendarEmployee)"
					EntitySet="TeamCalendarEmployeeSet" m:HttpMethod="GET"><Parameter Name="StartDate" Type="Edm.DateTime" Mode="In" Precision="0"/><Parameter Name="EndDate" Type="Edm.DateTime" Mode="In" Precision="0"/><Parameter Name="ApplicationId" Type="Edm.String" Mode="In" MaxLength="20"/><Parameter Name="InstanceId" Type="Edm.String" Mode="In" MaxLength="20"/><Parameter Name="RequesterId" Type="Edm.String" Mode="In" MaxLength="8"/><Parameter Name="EmployeeAssignment" Type="Edm.String" Mode="In" MaxLength="8"/></FunctionImport>
				<FunctionImport Name="GetEventsForDefaultView" ReturnType="Collection(HCMFAB_COMMON_SRV.TeamCalendarEvent)" EntitySet="TeamCalendarEventSet"
					m:HttpMethod="GET"><Parameter Name="StartDate" Type="Edm.DateTime" Mode="In" Precision="0"/><Parameter Name="EndDate" Type="Edm.DateTime" Mode="In" Precision="0"/><Parameter Name="ApplicationId" Type="Edm.String" Mode="In" MaxLength="20"/><Parameter Name="InstanceId" Type="Edm.String" Mode="In" MaxLength="20"/><Parameter Name="RequesterId" Type="Edm.String" Mode="In" MaxLength="8"/><Parameter Name="EmployeeAssignment" Type="Edm.String" Mode="In" MaxLength="8"/></FunctionImport>
				<FunctionImport Name="GetEventTypesForDefaultAssignment" ReturnType="Collection(HCMFAB_COMMON_SRV.TeamCalendarEventType)"
					EntitySet="TeamCalendarEventTypeSet" m:HttpMethod="GET"><Parameter Name="ApplicationId" Type="Edm.String" Mode="In" MaxLength="20"/><Parameter Name="InstanceId" Type="Edm.String" Mode="In" MaxLength="20"/></FunctionImport>
				<FunctionImport Name="GetViewsForDefaultAssignment" ReturnType="Collection(HCMFAB_COMMON_SRV.TeamCalendarView)"
					EntitySet="TeamCalendarViewSet" m:HttpMethod="GET"><Parameter Name="ApplicationId" Type="Edm.String" Mode="In" MaxLength="20"/><Parameter Name="InstanceId" Type="Edm.String" Mode="In" MaxLength="20"/></FunctionImport>
			</EntityContainer><atom:link xmlns:atom="http://www.w3.org/2005/Atom" rel="self" href="./sap/HCMFAB_COMMON_SRV/$metadata"/><atom:link xmlns:atom="http://www.w3.org/2005/Atom" rel="latest-version" href="./sap/HCMFAB_COMMON_SRV/$metadata"/></Schema>
	</edmx:DataServices>
</edmx:Edmx>