{
	"welcomeFile": "/webapp/index.html",
	"routes": [{
			"path": "/themedesigner",
			"target": {
				"type": "application",
				"name": "themedesigner"
			},
			"description": "Route for theme designer"
		}, {
			"path": "/zdhr_deka_belize",
			"target": {
				"type": "application",
				"name": "zdhr_deka_belize"
			},
			"description": "Route for theme"
		}, {
			"path": "/resources",
			"target": {
				"type": "service",
				"name": "sapui5",
				"entryPath": "/resources",
				"version": "1.60.28"
			},
			"description": "SAPUI5 Resources"
		}, {
			"path": "/test-resources",
			"target": {
				"type": "service",
				"name": "sapui5",
				"entryPath": "/test-resources",
				"version": "1.60.28"
			},
			"description": "SAPUI5 Resources"
		}, {
			"path": "/sap/bc/ui5_ui5/sap/ZDHR_HEADER",
			"target": {
				"type": "destination",
				"name": "E97",
				"entryPath": "/sap/bc/ui5_ui5/sap/ZDHR_HEADER"
			},
			"description": "Path for Header"
		},

		{
			"path": "/webapp/resources",
			"target": {
				"type": "service",
				"name": "sapui5",
				"entryPath": "/resources",
				"version": "1.60.28"
			},
			"description": "SAPUI5 Resources"
		}, {
			"path": "/webapp/test-resources",
			"target": {
				"type": "service",
				"name": "sapui5",
				"entryPath": "/test-resources",
				"version": "1.60.28"
			},
			"description": "SAPUI5 Test Resources"
		}, {
			"path": "/sap/opu/odata",
			"target": {
				"type": "destination",
				"name": "E97",
				"entryPath": "/sap/opu/odata"
			},
			"description": "Entwicklung_E97"
		}, {
			"path": "/sap/public/bc/themes/",
			"target": {
				"type": "destination",
				"name": "E97",
				"entryPath": "/sap/public/bc/themes/"
			},
			"description": "Theme Path"
		}

	],
	"sendWelcomeFileRedirect": true
}